Zakres pomiarowy;Cena;Max;Sklep
pon.-czw.; 223,00  ; 225,00  ;Wrocław
pon.-czw.; 223,00  ; 225,00  ;Wrocław
pon.-czw.; 221,00  ; 227,00  ;Wrocław
pon.-czw.; 220,00  ; 227,00  ;Poznań
pon.-czw.; 219,00  ; 226,00  ;Wrocław
pon.-czw.; 221,00  ; 235,00  ;Poznań
pon.-czw.; 222,00  ; 222,00  ;Wrocław
pon.-czw.; 220,00  ; 222,00  ;Poznań
pon.-czw.; 220,00  ; 225,00  ;Wrocław
pon.-czw.; 220,00  ; 225,00  ;Szczecin
pon.-czw.; 225,00  ;;Szczecin
pon.-czw.; 225,00  ; 225,00  ;Wrocław
pon.-czw.; 225,00  ; 226,00  ;Poznań
piątek; 223,00  ; 226,00  ;Wrocław
piątek; 219,00  ; 226,00  ;Wrocław
Black week; 219,00  ; 226,00  ;Poznań
Black week; 219,50  ; 255,00  ;Poznań
Black week; 220,10  ; 220,00  ;Wrocław
; 221,60  ; 225,00  ;Poznań