etykieta	wiadomosc
nie-spam	OMG it is starting now???? I will be late. 
nie-spam	Hey dude, what's going on? She is comingg back or no?
nie-spam	Prize you WON It! Claims now call us on 911911911 today!!!
nie-spam	:-) Any other news? Kar'll come now. KIsez!!!!!!!
spam	URGENT! We are trying to contact U Todays draw shows that you have won a 800 prize GUARANTEED Call 09050001295 from land line Claim A21 Valid 12hrs only
nie-spam	Lottery yicket sold $23 New roudn for 200$ 12 call now dlick on the link to a: winners.com Never be disapoint'ed
spam	Send a logo 2 ur lover - 2 names joined by a heart. Txt LOVE NAME1 NAME2 MOBNO eg LOVE ADAM EVE 07123456789 to 87077 Yahoo! POBox36504W45WQ TxtNO 4 no ads 150p
nie-spam	Free sex. All for you. Call +447801259231. Anonymous delivery: Only for U! . Nobody ill know. Contact with U' find out who they R*reveal who thinks UR so special-call on 09058094597 .!
nie-spam	!DEAR ATT!  customer!^ you may now claim your FREE MINUTES upgrade for your loyalty. Call now on !0207 153 9996#! Offer ends 14thMarch. !T&C's apply. Opt-out available!Orange customer, you may now claim your FREE CAMERA PHONE upgrade 
nie-spam	Don't waust time! Claim your free SMS messages: - Text us to 84025 now! Use More details on Txt250.com for 1.5 $/ wk. T&C FreeMsg!: Claim now. BOX139, LA32. 16 . Remove adds or stop. CALL 'now'
nie-spam	Where are u? I list u in the crowd call me back it is urgent Sara is waing for us I need to go home, parnts are coming call me please!
spam	U 447801259231 have a secret admirer who is looking 2 make contact with U-find out who they R*reveal who thinks UR so special-call on 09058094597
